isco_category,Female,Male
Clerks,80.43478260869566,19.565217391304348
Craft and related trade,11.76470588235294,88.23529411764706
Elementary Occupations,15.555555555555555,84.44444444444444
Managers,20.0,80.0
Plant and Machine Operators,0.0,100.0
Professionals,31.775700934579437,68.22429906542055
Sales and Services,58.51851851851851,41.48148148148148
Technicians,0.0,100.0
